{"num_epochs": 20, "train_loss": [1.7009515139594007, 1.5706447327314919, 1.45833204575439, 1.3624291046341854, 1.2954946525061308, 1.2180669894858973, 1.1680828608683687, 1.129288362922953, 1.0880689763311129, 1.0443113188245403, 1.0157169548433218, 0.9849104899079052, 0.9653556008837116, 0.9421403452531615, 0.9282366339840106, 0.9063033025656173, 0.8883944456257037, 0.8783313418502239, 0.8491245775080439, 0.8293889244990562], "val_loss": [1.7385631278157234, 1.597816526889801, 1.5090271010994911, 1.414979748427868, 1.3342819400131702, 1.2796138040721416, 1.2210711017251015, 1.159493599087, 1.13666283339262, 1.0943868085741997, 1.0545093826949596, 1.0235751941800117, 1.0110111311078072, 0.9714633859694004, 0.9443980939686298, 0.9353833869099617, 0.9188868328928947, 0.9092124029994011, 0.8839725106954575, 0.8659178018569946], "train_accuracy": [0.27468413664014973, 0.3757604117922321, 0.4576509124941507, 0.5226953673373889, 0.5601310248011231, 0.5956948993916705, 0.6204960224613945, 0.6270472625175479, 0.6424894712213384, 0.6668226485727655, 0.6743097800655125, 0.6803930744033692, 0.6920917173607861, 0.7014506317267197, 0.7051941974730931, 0.7089377632194666, 0.7192325690219934, 0.7220402433317735, 0.7290594291062237, 0.7328029948525971], "val_accuracy": [0.29218106995884774, 0.4382716049382716, 0.4670781893004115, 0.5308641975308642, 0.5699588477366255, 0.5925925925925926, 0.6255144032921811, 0.6481481481481481, 0.6563786008230452, 0.6604938271604939, 0.6851851851851852, 0.6851851851851852, 0.6995884773662552, 0.6954732510288066, 0.7016460905349794, 0.7181069958847737, 0.7139917695473251, 0.7098765432098766, 0.7283950617283951, 0.7407407407407407], "learning_rate": 0.0001}