{"num_epochs": 30, "train_loss": [1.7302538085339674, 1.572441915967571, 1.4597269367815844, 1.3631645405470436, 1.2920499274979775, 1.2248001561236026, 1.1706878071400657, 1.134845099342403, 1.0782796277928708, 1.0594994870584402, 1.0147093863629584, 0.9851728615476124, 0.9599985569270689, 0.9514819935186586, 0.9108382018644419, 0.9050323198090738, 0.8860093960121497, 0.8547083086042262, 0.8395002039510813, 0.8177036216009909, 0.8233254551887512, 0.8068210731691389, 0.8040103867872438, 0.7797363062403095, 0.7789468960975533, 0.7632384424778953, 0.7497307898393318, 0.7587894574919744, 0.7472176818705317, 0.7340110349121378], "val_loss": [1.7491885423660278, 1.6202351301908493, 1.4965268298983574, 1.398455835878849, 1.3244303278625011, 1.2623935379087925, 1.2010885439813137, 1.163706697523594, 1.122856255620718, 1.0892267115414143, 1.0445369370281696, 1.0126282423734665, 0.9772197566926479, 0.9797883555293083, 0.9563345685601234, 0.9361113533377647, 0.9214686043560505, 0.8957789689302444, 0.8670630343258381, 0.8734591789543629, 0.8528142049908638, 0.8398731872439384, 0.8267424013465643, 0.8307256679981947, 0.8160512186586857, 0.7985221184790134, 0.7811690829694271, 0.790180305019021, 0.7870561890304089, 0.7789804991334677], "train_accuracy": [0.23444080486663546, 0.35563874590547495, 0.44314459522695365, 0.526906878802059, 0.5643425362657931, 0.6045858680393075, 0.628451099672438, 0.6476368741226017, 0.6658867571361722, 0.6658867571361722, 0.6794571829667758, 0.7014506317267197, 0.7056621431913898, 0.7056621431913898, 0.7201684604585868, 0.7187646233036967, 0.7192325690219934, 0.7393542349087506, 0.7295273748245203, 0.7459054749649041, 0.7463734206832008, 0.756200280767431, 0.7463734206832008, 0.744501637810014, 0.7585400093589144, 0.7678989237248479, 0.7580720636406177, 0.7529246607393543, 0.7599438465138044, 0.7604117922321011], "val_accuracy": [0.23868312757201646, 0.3683127572016461, 0.44238683127572015, 0.51440329218107, 0.5946502057613169, 0.5967078189300411, 0.654320987654321, 0.6460905349794238, 0.6502057613168725, 0.6707818930041153, 0.676954732510288, 0.7057613168724279, 0.7037037037037037, 0.7078189300411523, 0.6995884773662552, 0.7078189300411523, 0.7181069958847737, 0.7139917695473251, 0.7263374485596708, 0.720164609053498, 0.7304526748971193, 0.7325102880658436, 0.7366255144032922, 0.7325102880658436, 0.7407407407407407, 0.7386831275720165, 0.7469135802469136, 0.7325102880658436, 0.742798353909465, 0.7551440329218106], "learning_rate": 0.0001}