{"num_epochs": 10, "train_loss": [1.7664889043836451, 1.5926837494124229, 1.4883216317020245, 1.386812758089891, 1.3181193070625192, 1.2418476787965689, 1.1905507347477016, 1.1470975306496691, 1.1153134952730208, 1.0584461003986758], "val_loss": [1.7408615499734879, 1.6141236573457718, 1.4827672243118286, 1.4071391336619854, 1.322267860174179, 1.2585089802742004, 1.2042514942586422, 1.137865737080574, 1.0960910245776176, 1.0739978812634945], "train_accuracy": [0.23444080486663546, 0.34955545156761814, 0.4333177351427234, 0.5175479644361254, 0.5708937763219466, 0.5882077678989237, 0.6162845109967244, 0.6415535797847449, 0.6457650912494151, 0.6686944314459523], "val_accuracy": [0.30246913580246915, 0.39094650205761317, 0.5267489711934157, 0.551440329218107, 0.6090534979423868, 0.6275720164609053, 0.6522633744855967, 0.676954732510288, 0.6831275720164609, 0.691358024691358], "learning_rate": 0.0001}