{"num_epochs": 30, "train_loss": [8.241689203390434, 2.886646650620361, 4.344356300225899, 3.7306145616431734, 3.799537760997886, 3.0631511843026575, 4.128865593849723, 4.30425639984323, 4.033068427399023, 3.3507330915821134, 4.388910771750692, 4.737792000841739, 4.568628007796273, 4.179020217105524, 3.9311448566949188, 5.577055133990387, 4.658610234231646, 4.564226333774737, 5.0019520354081894, 4.79075021975076, 3.883578239536997, 3.518079147410037, 3.856580030117462, 4.314194974614613, 4.853369257343349, 4.603027826258495, 4.035880935447874, 4.735271015273991, 4.9080249008847705, 4.448638346213014], "val_loss": [3.239367824047804, 2.99928623996675, 5.581797511962236, 8.652299861812025, 5.459423512220383, 5.190745254745707, 3.7060354722061675, 7.022194222674443, 4.756535604596138, 5.642882291227579, 5.227652170928195, 6.40874163992703, 4.840197037286998, 5.751372026177705, 5.449540466070175, 4.431346448138356, 5.574012303724885, 5.338126272778027, 9.241087675094604, 7.144074458628893, 4.360546473413706, 4.895124860704527, 7.256146325031228, 5.547069721389562, 4.887330577708781, 6.077488727867603, 7.628566349321773, 7.5655069411622975, 8.238576672971249, 4.911014348268509], "train_accuracy": [0.5409452503509593, 0.6874122601778194, 0.6598034627983154, 0.6925596630790828, 0.7257838090781469, 0.7412260177819373, 0.7248479176415535, 0.7126813289658399, 0.7407580720636406, 0.7660271408516612, 0.7318671034160037, 0.7365465605989705, 0.7365465605989705, 0.757604117922321, 0.7622835751052878, 0.728591483387927, 0.7613476836686944, 0.7711745437529247, 0.7585400093589144, 0.7669630322882546, 0.7945718296677585, 0.7861488067384184, 0.7838090781469349, 0.7716424894712214, 0.7571361722040243, 0.7693027608797379, 0.7973795039775387, 0.7749181094992981, 0.7646233036967712, 0.7889564810481984], "val_accuracy": [0.6625514403292181, 0.7510288065843621, 0.6707818930041153, 0.6069958847736625, 0.7098765432098766, 0.7139917695473251, 0.7366255144032922, 0.6893004115226338, 0.7469135802469136, 0.779835390946502, 0.7613168724279835, 0.7551440329218106, 0.7674897119341564, 0.757201646090535, 0.7222222222222222, 0.7983539094650206, 0.8106995884773662, 0.7633744855967078, 0.7757201646090535, 0.779835390946502, 0.8353909465020576, 0.808641975308642, 0.7510288065843621, 0.7839506172839507, 0.8168724279835391, 0.7757201646090535, 0.7448559670781894, 0.7818930041152263, 0.7304526748971193, 0.8065843621399177]}